# upstream_commit	upstream_source	status	common_file	common_component
63b7c50d43e462b59506f69d341ff1e40202866d	src/cc_pkg.sv	extended	rtl/base/component_math_pkg.sv	component_math_pkg
63b7c50d43e462b59506f69d341ff1e40202866d	src/cc_binary_to_gray.sv	covered	rtl/utils/bin2gray.sv	bin2gray
63b7c50d43e462b59506f69d341ff1e40202866d	src/cc_gray_to_binary.sv	covered	rtl/utils/gray2bin.sv	gray2bin
63b7c50d43e462b59506f69d341ff1e40202866d	src/cc_onehot.sv	covered	rtl/base/bit_ops.sv	onehot_check
63b7c50d43e462b59506f69d341ff1e40202866d	src/cc_onehot_to_bin.sv	covered	rtl/base/bit_ops.sv	onehot_to_index
63b7c50d43e462b59506f69d341ff1e40202866d	src/cc_popcount.sv	covered	rtl/base/bit_ops.sv	bit_count
63b7c50d43e462b59506f69d341ff1e40202866d	src/cc_lzc.sv	extended	rtl/base/mask_cells.sv	trailing_zero_count
63b7c50d43e462b59506f69d341ff1e40202866d	src/cc_heaviside.sv	new	rtl/base/mask_cells.sv	prefix_ones_mask
63b7c50d43e462b59506f69d341ff1e40202866d	src/cc_boxcar.sv	new	rtl/base/mask_cells.sv	interval_ones_mask
63b7c50d43e462b59506f69d341ff1e40202866d	src/cc_sub_per_hash.sv	new	rtl/base/hash_cells.sv	permutation_hash
63b7c50d43e462b59506f69d341ff1e40202866d	src/cc_cb_filter.sv	new	rtl/base/hash_cells.sv	counting_bloom_filter
63b7c50d43e462b59506f69d341ff1e40202866d	src/cc_counter.sv	covered	rtl/clkrst/counter.sv	rs_counter
63b7c50d43e462b59506f69d341ff1e40202866d	src/cc_delta_counter.sv	covered	rtl/clkrst/counter.sv	rs_delta_counter
63b7c50d43e462b59506f69d341ff1e40202866d	src/cc_max_counter.sv	covered	rtl/clkrst/counter.sv	peak_delta_counter
63b7c50d43e462b59506f69d341ff1e40202866d	src/cc_credit_counter.sv	new	rtl/base/control_cells.sv	credit_pool
63b7c50d43e462b59506f69d341ff1e40202866d	src/cc_trip_counter.sv	new	rtl/base/control_cells.sv	loop_trip_counter
63b7c50d43e462b59506f69d341ff1e40202866d	src/cc_exp_backoff.sv	new	rtl/base/control_cells.sv	retry_backoff
63b7c50d43e462b59506f69d341ff1e40202866d	src/cc_serial_deglitch.sv	new	rtl/base/control_cells.sv	stable_level_filter
63b7c50d43e462b59506f69d341ff1e40202866d	src/cc_majority_vote_filter.sv	new	rtl/base/control_cells.sv	sample_majority_filter
63b7c50d43e462b59506f69d341ff1e40202866d	src/cc_lfsr.sv	covered	rtl/utils/lfsr.sv	lfsr_galois
63b7c50d43e462b59506f69d341ff1e40202866d	src/cc_lfsr_8bit.sv	covered	rtl/utils/lfsr.sv	lfsr_galois
63b7c50d43e462b59506f69d341ff1e40202866d	src/cc_lfsr_16bit.sv	covered	rtl/utils/lfsr.sv	lfsr_fibonacci
63b7c50d43e462b59506f69d341ff1e40202866d	src/cc_shift_register.sv	covered	rtl/utils/shift_reg.sv	shift_reg
63b7c50d43e462b59506f69d341ff1e40202866d	src/cc_shift_register_gated.sv	new	rtl/utils/valid_delay_line.sv	valid_delay_line
63b7c50d43e462b59506f69d341ff1e40202866d	src/cc_read.sv	new	rtl/base/signal_helpers.sv	signal_tap
63b7c50d43e462b59506f69d341ff1e40202866d	src/cc_unread.sv	new	rtl/base/signal_helpers.sv	signal_sink
63b7c50d43e462b59506f69d341ff1e40202866d	src/cc_addr_decode.sv	extended	rtl/bus/address_advanced.sv	address_range_decoder
63b7c50d43e462b59506f69d341ff1e40202866d	src/cc_addr_decode_dync.sv	new	rtl/bus/address_advanced.sv	address_range_decoder
63b7c50d43e462b59506f69d341ff1e40202866d	src/cc_addr_decode_napot.sv	covered	rtl/bus/address_decode.sv	address_map
63b7c50d43e462b59506f69d341ff1e40202866d	src/cc_multiaddr_decode.sv	new	rtl/bus/address_advanced.sv	address_set_decoder
63b7c50d43e462b59506f69d341ff1e40202866d	src/cc_fifo.sv	covered	rtl/utils/fifo.sv	fifo
63b7c50d43e462b59506f69d341ff1e40202866d	src/cc_ring_buffer.sv	new	rtl/memory/data_structures.sv	circular_store
63b7c50d43e462b59506f69d341ff1e40202866d	src/cc_id_queue.sv	new	rtl/memory/data_structures.sv	tag_order_queue
63b7c50d43e462b59506f69d341ff1e40202866d	src/cc_mem_to_banks_detailed.sv	new	rtl/memory/data_structures.sv	memory_bank_adapter_detail
63b7c50d43e462b59506f69d341ff1e40202866d	src/cc_mem_to_banks.sv	new	rtl/memory/data_structures.sv	memory_bank_adapter
63b7c50d43e462b59506f69d341ff1e40202866d	src/cc_cdc_2phase.sv	covered	rtl/cdc/cdc_2phase.sv	cdc_2phase
63b7c50d43e462b59506f69d341ff1e40202866d	src/cc_cdc_4phase.sv	new	rtl/cdc/cdc_advanced.sv	four_phase_mailbox
63b7c50d43e462b59506f69d341ff1e40202866d	src/cc_cdc_fifo_2phase.sv	new	rtl/cdc/cdc_advanced.sv	two_phase_async_queue
63b7c50d43e462b59506f69d341ff1e40202866d	src/cc_cdc_fifo_gray.sv	covered	rtl/cdc/cdc_fifo.sv	cdc_fifo
63b7c50d43e462b59506f69d341ff1e40202866d	src/cc_cdc_2phase_clearable.sv	new	rtl/cdc/cdc_advanced.sv	clearable_two_phase_link
63b7c50d43e462b59506f69d341ff1e40202866d	src/cc_cdc_fifo_gray_clearable.sv	new	rtl/cdc/cdc_advanced.sv	clearable_async_queue
63b7c50d43e462b59506f69d341ff1e40202866d	src/cc_cdc_reset_ctrlr.sv	covered	rtl/cdc/cdc_warm_flush.sv	cdc_warm_flush_controller
63b7c50d43e462b59506f69d341ff1e40202866d	src/cc_edge_detect.sv	covered	rtl/utils/edge_det.sv	edge_det
63b7c50d43e462b59506f69d341ff1e40202866d	src/cc_edge_propagator_tx.sv	new	rtl/cdc/cdc_advanced.sv	cdc_event_bridge_ack
63b7c50d43e462b59506f69d341ff1e40202866d	src/cc_edge_propagator_rx.sv	new	rtl/cdc/cdc_advanced.sv	cdc_event_bridge
63b7c50d43e462b59506f69d341ff1e40202866d	src/cc_edge_propagator_ack.sv	new	rtl/cdc/cdc_advanced.sv	cdc_event_bridge_ack
63b7c50d43e462b59506f69d341ff1e40202866d	src/cc_edge_propagator.sv	new	rtl/cdc/cdc_advanced.sv	cdc_event_bridge
63b7c50d43e462b59506f69d341ff1e40202866d	src/cc_isochronous_4phase_handshake.sv	new	rtl/cdc/cdc_advanced.sv	isochronous_handshake
63b7c50d43e462b59506f69d341ff1e40202866d	src/cc_isochronous_spill_register.sv	new	rtl/cdc/cdc_advanced.sv	isochronous_stream_buffer
63b7c50d43e462b59506f69d341ff1e40202866d	src/cc_sync.sv	covered	rtl/cdc/cdc_sync.sv	cdc_sync
63b7c50d43e462b59506f69d341ff1e40202866d	src/cc_sync_wedge.sv	new	rtl/cdc/cdc_advanced.sv	synchronized_edge
63b7c50d43e462b59506f69d341ff1e40202866d	src/cc_rstgen.sv	extended	rtl/cdc/cdc_advanced.sv	test_reset_synchronizer
63b7c50d43e462b59506f69d341ff1e40202866d	src/cc_rstgen_bypass.sv	new	rtl/cdc/cdc_advanced.sv	test_reset_synchronizer
63b7c50d43e462b59506f69d341ff1e40202866d	src/cc_clk_int_div.sv	covered	rtl/clkrst/clk_int_div.sv	clk_int_even_div
63b7c50d43e462b59506f69d341ff1e40202866d	src/cc_clk_int_div_static.sv	covered	rtl/clkrst/clk_int_div.sv	clk_int_even_div_static
63b7c50d43e462b59506f69d341ff1e40202866d	src/cc_clk_mux_glitch_free.sv	extended	rtl/clock/clock_tree.sv	clock_or_tree
63b7c50d43e462b59506f69d341ff1e40202866d	src/cc_plru_tree.sv	covered	rtl/base/replacement.sv	plru_victim_selector
63b7c50d43e462b59506f69d341ff1e40202866d	src/cc_rr_arb_tree.sv	covered	rtl/stream/round_robin_arbiter.sv	round_robin_arbiter
63b7c50d43e462b59506f69d341ff1e40202866d	src/cc_spill_register.sv	covered	rtl/utils/spill_register.sv	spill_register
63b7c50d43e462b59506f69d341ff1e40202866d	src/cc_spill_register_flushable.sv	covered	rtl/utils/spill_register.sv	spill_register
63b7c50d43e462b59506f69d341ff1e40202866d	src/cc_fall_through_register.sv	new	rtl/stream/stream_advanced.sv	stream_fallthrough_buffer
63b7c50d43e462b59506f69d341ff1e40202866d	src/cc_lossy_valid_to_stream.sv	new	rtl/stream/stream_advanced.sv	latest_value_stream
63b7c50d43e462b59506f69d341ff1e40202866d	src/cc_passthrough_stream_fifo.sv	new	rtl/stream/stream_advanced.sv	stream_queue
63b7c50d43e462b59506f69d341ff1e40202866d	src/cc_stream_fifo.sv	new	rtl/stream/stream_advanced.sv	stream_queue
63b7c50d43e462b59506f69d341ff1e40202866d	src/cc_stream_fifo_optimal_wrap.sv	new	rtl/stream/stream_advanced.sv	stream_queue
63b7c50d43e462b59506f69d341ff1e40202866d	src/cc_stream_register.sv	new	rtl/stream/stream_advanced.sv	stream_elastic_register
63b7c50d43e462b59506f69d341ff1e40202866d	src/cc_stream_delay.sv	new	rtl/stream/stream_advanced.sv	stream_delay_injector
63b7c50d43e462b59506f69d341ff1e40202866d	src/cc_stream_arbiter.sv	new	rtl/stream/stream_advanced.sv	stream_fair_arbiter
63b7c50d43e462b59506f69d341ff1e40202866d	src/cc_stream_filter.sv	covered	rtl/stream/stream_control.sv	stream_discard_gate
63b7c50d43e462b59506f69d341ff1e40202866d	src/cc_stream_throttle.sv	covered	rtl/stream/stream_control.sv	stream_window_guard
63b7c50d43e462b59506f69d341ff1e40202866d	src/cc_stream_mux.sv	covered	rtl/stream/stream_cells.sv	stream_selector
63b7c50d43e462b59506f69d341ff1e40202866d	src/cc_stream_demux.sv	covered	rtl/stream/stream_cells.sv	stream_router
63b7c50d43e462b59506f69d341ff1e40202866d	src/cc_stream_join.sv	covered	rtl/stream/stream_cells.sv	stream_collector
63b7c50d43e462b59506f69d341ff1e40202866d	src/cc_stream_join_dynamic.sv	covered	rtl/stream/stream_cells.sv	stream_collector
63b7c50d43e462b59506f69d341ff1e40202866d	src/cc_stream_fork.sv	covered	rtl/stream/stream_cells.sv	stream_replicator
63b7c50d43e462b59506f69d341ff1e40202866d	src/cc_stream_fork_dynamic.sv	covered	rtl/stream/stream_cells.sv	stream_replicator
63b7c50d43e462b59506f69d341ff1e40202866d	src/cc_stream_xbar.sv	new	rtl/stream/stream_advanced.sv	stream_crossbar
63b7c50d43e462b59506f69d341ff1e40202866d	src/cc_stream_omega_net.sv	new	rtl/stream/stream_advanced.sv	stream_shuffle_network
63b7c50d43e462b59506f69d341ff1e40202866d	src/cc_stream_to_mem.sv	new	rtl/stream/stream_advanced.sv	memory_response_bridge
63b7c50d43e462b59506f69d341ff1e40202866d	src/cc_stream_intf.sv	new	rtl/interface/ready_valid_if.sv	ready_valid_if
63b7c50d43e462b59506f69d341ff1e40202866d	src/cc_ecc_encode.sv	covered	rtl/base/ecc_secded.sv	secded_encode
63b7c50d43e462b59506f69d341ff1e40202866d	src/cc_ecc_decode.sv	covered	rtl/base/ecc_secded.sv	secded_decode
